{"1": [0.5, 0.5], "2": [0.3333333333333333, 0.16666666666666666, 0.3333333333333333], "3": [0.25, 0.08333333333333333, 0.08333333333333333, 0.25], "4": [0.2, 0.05, 0.03333333333333333, 0.05, 0.2], "5": [0.16666666666666666, 0.03333333333333333, 0.016666666666666666, 0.016666666666666666, 0.03333333333333333, 0.16666666666666666], "6": [0.14285714285714285, 0.023809523809523808, 0.009523809523809525, 0.0071428571428571435, 0.009523809523809525, 0.023809523809523808, 0.14285714285714285], "7": [0.125, 0.017857142857142856, 0.005952380952380952, 0.0035714285714285718, 0.0035714285714285718, 0.005952380952380952, 0.017857142857142856, 0.125], "8": [0.1111111111111111, 0.013888888888888888, 0.003968253968253968, 0.001984126984126984, 0.0015873015873015873, 0.001984126984126984, 0.003968253968253968, 0.013888888888888888, 0.1111111111111111], "9": [0.1, 0.011111111111111112, 0.002777777777777778, 0.0011904761904761906, 0.0007936507936507937, 0.0007936507936507937, 0.0011904761904761906, 0.002777777777777778, 0.011111111111111112, 0.1], "10": [0.09090909090909091, 0.00909090909090909, 0.00202020202020202, 0.0007575757575757576, 0.0004329004329004329, 0.00036075036075036075, 0.0004329004329004329, 0.0007575757575757576, 0.00202020202020202, 0.00909090909090909, 0.09090909090909091]}